"item (paraphrased, UNVERIFIED: use the official sheet)",rater,BPC-01,BPC-02,BPC-03,BPC-04,BPC-05,BPC-06,BPC-07,BPC-08,BPC-09,BPC-10,BPC-11,BPC-12,BPC-13,BPC-14,BRE-01
Purpose is clear at once,rater_1,,,,,,,,,,,,,,,
Purpose is clear at once,rater_2,,,,,,,,,,,,,,,
"Everyday words, no jargon",rater_1,,,,,,,,,,,,,,,
"Everyday words, no jargon",rater_2,,,,,,,,,,,,,,,
Numbers are clear and few,rater_1,,,,,,,,,,,,,,,
Numbers are clear and few,rater_2,,,,,,,,,,,,,,,
Ideas in short chunks with headings,rater_1,,,,,,,,,,,,,,,
Ideas in short chunks with headings,rater_2,,,,,,,,,,,,,,,
Logical order,rater_1,,,,,,,,,,,,,,,
Logical order,rater_2,,,,,,,,,,,,,,,
Layout or audio pacing helps,rater_1,,,,,,,,,,,,,,,
Layout or audio pacing helps,rater_2,,,,,,,,,,,,,,,
Visuals or pauses support the words,rater_1,,,,,,,,,,,,,,,
Visuals or pauses support the words,rater_2,,,,,,,,,,,,,,,
Names the action to take,rater_1,,,,,,,,,,,,,,,
Names the action to take,rater_2,,,,,,,,,,,,,,,
Speaks to the learner directly,rater_1,,,,,,,,,,,,,,,
Speaks to the learner directly,rater_2,,,,,,,,,,,,,,,
Breaks the action into steps,rater_1,,,,,,,,,,,,,,,
Breaks the action into steps,rater_2,,,,,,,,,,,,,,,
Offers a tool or example,rater_1,,,,,,,,,,,,,,,
Offers a tool or example,rater_2,,,,,,,,,,,,,,,
