ID,Text
NUM-000,"zero"
NUM-001,"one"
NUM-002,"two"
NUM-003,"three"
NUM-004,"four"
NUM-005,"five"
NUM-006,"six"
NUM-007,"seven"
NUM-008,"eight"
NUM-009,"nine"
NUM-010,"ten"
NUM-011,"eleven"
NUM-012,"twelve"
NUM-013,"thirteen"
NUM-014,"fourteen"
NUM-015,"fifteen"
NUM-016,"sixteen"
NUM-017,"seventeen"
NUM-018,"eighteen"
NUM-019,"nineteen"
NUM-020,"twenty"
NUM-021,"twenty-one"
NUM-022,"twenty-two"
NUM-023,"twenty-three"
NUM-024,"twenty-four"
NUM-025,"twenty-five"
NUM-026,"twenty-six"
NUM-027,"twenty-seven"
NUM-028,"twenty-eight"
NUM-029,"twenty-nine"
NUM-030,"thirty"
NUM-031,"thirty-one"
NUM-032,"thirty-two"
NUM-033,"thirty-three"
NUM-034,"thirty-four"
NUM-035,"thirty-five"
NUM-036,"thirty-six"
NUM-037,"thirty-seven"
NUM-038,"thirty-eight"
NUM-039,"thirty-nine"
NUM-040,"forty"
NUM-041,"forty-one"
NUM-042,"forty-two"
NUM-043,"forty-three"
NUM-044,"forty-four"
NUM-045,"forty-five"
NUM-046,"forty-six"
NUM-047,"forty-seven"
NUM-048,"forty-eight"
NUM-049,"forty-nine"
NUM-050,"fifty"
NUM-051,"fifty-one"
NUM-052,"fifty-two"
NUM-053,"fifty-three"
NUM-054,"fifty-four"
NUM-055,"fifty-five"
NUM-056,"fifty-six"
NUM-057,"fifty-seven"
NUM-058,"fifty-eight"
NUM-059,"fifty-nine"
NUM-060,"sixty"
NUM-061,"sixty-one"
NUM-062,"sixty-two"
NUM-063,"sixty-three"
NUM-064,"sixty-four"
NUM-065,"sixty-five"
NUM-066,"sixty-six"
NUM-067,"sixty-seven"
NUM-068,"sixty-eight"
NUM-069,"sixty-nine"
NUM-070,"seventy"
NUM-071,"seventy-one"
NUM-072,"seventy-two"
NUM-073,"seventy-three"
NUM-074,"seventy-four"
NUM-075,"seventy-five"
NUM-076,"seventy-six"
NUM-077,"seventy-seven"
NUM-078,"seventy-eight"
NUM-079,"seventy-nine"
NUM-080,"eighty"
NUM-081,"eighty-one"
NUM-082,"eighty-two"
NUM-083,"eighty-three"
NUM-084,"eighty-four"
NUM-085,"eighty-five"
NUM-086,"eighty-six"
NUM-087,"eighty-seven"
NUM-088,"eighty-eight"
NUM-089,"eighty-nine"
NUM-090,"ninety"
NUM-091,"ninety-one"
NUM-092,"ninety-two"
NUM-093,"ninety-three"
NUM-094,"ninety-four"
NUM-095,"ninety-five"
NUM-096,"ninety-six"
NUM-097,"ninety-seven"
NUM-098,"ninety-eight"
NUM-099,"ninety-nine"
NUM-100,"one hundred"
NUM-101,"one hundred and one"
NUM-102,"one hundred and two"
NUM-103,"one hundred and three"
NUM-104,"one hundred and four"
NUM-105,"one hundred and five"
NUM-106,"one hundred and six"
NUM-107,"one hundred and seven"
NUM-108,"one hundred and eight"
NUM-109,"one hundred and nine"
NUM-110,"one hundred and ten"
NUM-111,"one hundred and eleven"
NUM-112,"one hundred and twelve"
NUM-113,"one hundred and thirteen"
NUM-114,"one hundred and fourteen"
NUM-115,"one hundred and fifteen"
NUM-116,"one hundred and sixteen"
NUM-117,"one hundred and seventeen"
NUM-118,"one hundred and eighteen"
NUM-119,"one hundred and nineteen"
NUM-120,"one hundred and twenty"
NUM-121,"one hundred and twenty-one"
NUM-122,"one hundred and twenty-two"
NUM-123,"one hundred and twenty-three"
NUM-124,"one hundred and twenty-four"
NUM-125,"one hundred and twenty-five"
NUM-126,"one hundred and twenty-six"
NUM-127,"one hundred and twenty-seven"
NUM-128,"one hundred and twenty-eight"
NUM-129,"one hundred and twenty-nine"
NUM-130,"one hundred and thirty"
NUM-131,"one hundred and thirty-one"
NUM-132,"one hundred and thirty-two"
NUM-133,"one hundred and thirty-three"
NUM-134,"one hundred and thirty-four"
NUM-135,"one hundred and thirty-five"
NUM-136,"one hundred and thirty-six"
NUM-137,"one hundred and thirty-seven"
NUM-138,"one hundred and thirty-eight"
NUM-139,"one hundred and thirty-nine"
NUM-140,"one hundred and forty"
NUM-141,"one hundred and forty-one"
NUM-142,"one hundred and forty-two"
NUM-143,"one hundred and forty-three"
NUM-144,"one hundred and forty-four"
NUM-145,"one hundred and forty-five"
NUM-146,"one hundred and forty-six"
NUM-147,"one hundred and forty-seven"
NUM-148,"one hundred and forty-eight"
NUM-149,"one hundred and forty-nine"
NUM-150,"one hundred and fifty"
NUM-151,"one hundred and fifty-one"
NUM-152,"one hundred and fifty-two"
NUM-153,"one hundred and fifty-three"
NUM-154,"one hundred and fifty-four"
NUM-155,"one hundred and fifty-five"
NUM-156,"one hundred and fifty-six"
NUM-157,"one hundred and fifty-seven"
NUM-158,"one hundred and fifty-eight"
NUM-159,"one hundred and fifty-nine"
NUM-160,"one hundred and sixty"
NUM-161,"one hundred and sixty-one"
NUM-162,"one hundred and sixty-two"
NUM-163,"one hundred and sixty-three"
NUM-164,"one hundred and sixty-four"
NUM-165,"one hundred and sixty-five"
NUM-166,"one hundred and sixty-six"
NUM-167,"one hundred and sixty-seven"
NUM-168,"one hundred and sixty-eight"
NUM-169,"one hundred and sixty-nine"
NUM-170,"one hundred and seventy"
NUM-171,"one hundred and seventy-one"
NUM-172,"one hundred and seventy-two"
NUM-173,"one hundred and seventy-three"
NUM-174,"one hundred and seventy-four"
NUM-175,"one hundred and seventy-five"
NUM-176,"one hundred and seventy-six"
NUM-177,"one hundred and seventy-seven"
NUM-178,"one hundred and seventy-eight"
NUM-179,"one hundred and seventy-nine"
NUM-180,"one hundred and eighty"
NUM-181,"one hundred and eighty-one"
NUM-182,"one hundred and eighty-two"
NUM-183,"one hundred and eighty-three"
NUM-184,"one hundred and eighty-four"
NUM-185,"one hundred and eighty-five"
NUM-186,"one hundred and eighty-six"
NUM-187,"one hundred and eighty-seven"
NUM-188,"one hundred and eighty-eight"
NUM-189,"one hundred and eighty-nine"
NUM-190,"one hundred and ninety"
NUM-191,"one hundred and ninety-one"
NUM-192,"one hundred and ninety-two"
NUM-193,"one hundred and ninety-three"
NUM-194,"one hundred and ninety-four"
NUM-195,"one hundred and ninety-five"
NUM-196,"one hundred and ninety-six"
NUM-197,"one hundred and ninety-seven"
NUM-198,"one hundred and ninety-eight"
NUM-199,"one hundred and ninety-nine"
NUM-200,"two hundred"
NUM-201,"two hundred and one"
NUM-202,"two hundred and two"
NUM-203,"two hundred and three"
NUM-204,"two hundred and four"
NUM-205,"two hundred and five"
NUM-206,"two hundred and six"
NUM-207,"two hundred and seven"
NUM-208,"two hundred and eight"
NUM-209,"two hundred and nine"
NUM-210,"two hundred and ten"
NUM-211,"two hundred and eleven"
NUM-212,"two hundred and twelve"
NUM-213,"two hundred and thirteen"
NUM-214,"two hundred and fourteen"
NUM-215,"two hundred and fifteen"
NUM-216,"two hundred and sixteen"
NUM-217,"two hundred and seventeen"
NUM-218,"two hundred and eighteen"
NUM-219,"two hundred and nineteen"
NUM-220,"two hundred and twenty"
NUM-221,"two hundred and twenty-one"
NUM-222,"two hundred and twenty-two"
NUM-223,"two hundred and twenty-three"
NUM-224,"two hundred and twenty-four"
NUM-225,"two hundred and twenty-five"
NUM-226,"two hundred and twenty-six"
NUM-227,"two hundred and twenty-seven"
NUM-228,"two hundred and twenty-eight"
NUM-229,"two hundred and twenty-nine"
NUM-230,"two hundred and thirty"
NUM-231,"two hundred and thirty-one"
NUM-232,"two hundred and thirty-two"
NUM-233,"two hundred and thirty-three"
NUM-234,"two hundred and thirty-four"
NUM-235,"two hundred and thirty-five"
NUM-236,"two hundred and thirty-six"
NUM-237,"two hundred and thirty-seven"
NUM-238,"two hundred and thirty-eight"
NUM-239,"two hundred and thirty-nine"
NUM-240,"two hundred and forty"
NUM-241,"two hundred and forty-one"
NUM-242,"two hundred and forty-two"
NUM-243,"two hundred and forty-three"
NUM-244,"two hundred and forty-four"
NUM-245,"two hundred and forty-five"
NUM-246,"two hundred and forty-six"
NUM-247,"two hundred and forty-seven"
NUM-248,"two hundred and forty-eight"
NUM-249,"two hundred and forty-nine"
NUM-250,"two hundred and fifty"
NUM-251,"two hundred and fifty-one"
NUM-252,"two hundred and fifty-two"
NUM-253,"two hundred and fifty-three"
NUM-254,"two hundred and fifty-four"
NUM-255,"two hundred and fifty-five"
NUM-256,"two hundred and fifty-six"
NUM-257,"two hundred and fifty-seven"
NUM-258,"two hundred and fifty-eight"
NUM-259,"two hundred and fifty-nine"
NUM-260,"two hundred and sixty"
NUM-261,"two hundred and sixty-one"
NUM-262,"two hundred and sixty-two"
NUM-263,"two hundred and sixty-three"
NUM-264,"two hundred and sixty-four"
NUM-265,"two hundred and sixty-five"
NUM-266,"two hundred and sixty-six"
NUM-267,"two hundred and sixty-seven"
NUM-268,"two hundred and sixty-eight"
NUM-269,"two hundred and sixty-nine"
NUM-270,"two hundred and seventy"
NUM-271,"two hundred and seventy-one"
NUM-272,"two hundred and seventy-two"
NUM-273,"two hundred and seventy-three"
NUM-274,"two hundred and seventy-four"
NUM-275,"two hundred and seventy-five"
NUM-276,"two hundred and seventy-six"
NUM-277,"two hundred and seventy-seven"
NUM-278,"two hundred and seventy-eight"
NUM-279,"two hundred and seventy-nine"
NUM-280,"two hundred and eighty"
NUM-281,"two hundred and eighty-one"
NUM-282,"two hundred and eighty-two"
NUM-283,"two hundred and eighty-three"
NUM-284,"two hundred and eighty-four"
NUM-285,"two hundred and eighty-five"
NUM-286,"two hundred and eighty-six"
NUM-287,"two hundred and eighty-seven"
NUM-288,"two hundred and eighty-eight"
NUM-289,"two hundred and eighty-nine"
NUM-290,"two hundred and ninety"
NUM-291,"two hundred and ninety-one"
NUM-292,"two hundred and ninety-two"
NUM-293,"two hundred and ninety-three"
NUM-294,"two hundred and ninety-four"
NUM-295,"two hundred and ninety-five"
NUM-296,"two hundred and ninety-six"
NUM-297,"two hundred and ninety-seven"
NUM-298,"two hundred and ninety-eight"
NUM-299,"two hundred and ninety-nine"
NUM-300,"three hundred"
NUM-301,"three hundred and one"
NUM-302,"three hundred and two"
NUM-303,"three hundred and three"
NUM-304,"three hundred and four"
NUM-305,"three hundred and five"
NUM-306,"three hundred and six"
NUM-307,"three hundred and seven"
NUM-308,"three hundred and eight"
NUM-309,"three hundred and nine"
NUM-310,"three hundred and ten"
NUM-311,"three hundred and eleven"
NUM-312,"three hundred and twelve"
NUM-313,"three hundred and thirteen"
NUM-314,"three hundred and fourteen"
NUM-315,"three hundred and fifteen"
NUM-316,"three hundred and sixteen"
NUM-317,"three hundred and seventeen"
NUM-318,"three hundred and eighteen"
NUM-319,"three hundred and nineteen"
NUM-320,"three hundred and twenty"
NUM-321,"three hundred and twenty-one"
NUM-322,"three hundred and twenty-two"
NUM-323,"three hundred and twenty-three"
NUM-324,"three hundred and twenty-four"
NUM-325,"three hundred and twenty-five"
NUM-326,"three hundred and twenty-six"
NUM-327,"three hundred and twenty-seven"
NUM-328,"three hundred and twenty-eight"
NUM-329,"three hundred and twenty-nine"
NUM-330,"three hundred and thirty"
NUM-331,"three hundred and thirty-one"
NUM-332,"three hundred and thirty-two"
NUM-333,"three hundred and thirty-three"
NUM-334,"three hundred and thirty-four"
NUM-335,"three hundred and thirty-five"
NUM-336,"three hundred and thirty-six"
NUM-337,"three hundred and thirty-seven"
NUM-338,"three hundred and thirty-eight"
NUM-339,"three hundred and thirty-nine"
NUM-340,"three hundred and forty"
NUM-341,"three hundred and forty-one"
NUM-342,"three hundred and forty-two"
NUM-343,"three hundred and forty-three"
NUM-344,"three hundred and forty-four"
NUM-345,"three hundred and forty-five"
NUM-346,"three hundred and forty-six"
NUM-347,"three hundred and forty-seven"
NUM-348,"three hundred and forty-eight"
NUM-349,"three hundred and forty-nine"
NUM-350,"three hundred and fifty"
NUM-351,"three hundred and fifty-one"
NUM-352,"three hundred and fifty-two"
NUM-353,"three hundred and fifty-three"
NUM-354,"three hundred and fifty-four"
NUM-355,"three hundred and fifty-five"
NUM-356,"three hundred and fifty-six"
NUM-357,"three hundred and fifty-seven"
NUM-358,"three hundred and fifty-eight"
NUM-359,"three hundred and fifty-nine"
NUM-360,"three hundred and sixty"
NUM-361,"three hundred and sixty-one"
NUM-362,"three hundred and sixty-two"
NUM-363,"three hundred and sixty-three"
NUM-364,"three hundred and sixty-four"
NUM-365,"three hundred and sixty-five"
NUM-366,"three hundred and sixty-six"
NUM-367,"three hundred and sixty-seven"
NUM-368,"three hundred and sixty-eight"
NUM-369,"three hundred and sixty-nine"
NUM-370,"three hundred and seventy"
NUM-371,"three hundred and seventy-one"
NUM-372,"three hundred and seventy-two"
NUM-373,"three hundred and seventy-three"
NUM-374,"three hundred and seventy-four"
NUM-375,"three hundred and seventy-five"
NUM-376,"three hundred and seventy-six"
NUM-377,"three hundred and seventy-seven"
NUM-378,"three hundred and seventy-eight"
NUM-379,"three hundred and seventy-nine"
NUM-380,"three hundred and eighty"
NUM-381,"three hundred and eighty-one"
NUM-382,"three hundred and eighty-two"
NUM-383,"three hundred and eighty-three"
NUM-384,"three hundred and eighty-four"
NUM-385,"three hundred and eighty-five"
NUM-386,"three hundred and eighty-six"
NUM-387,"three hundred and eighty-seven"
NUM-388,"three hundred and eighty-eight"
NUM-389,"three hundred and eighty-nine"
NUM-390,"three hundred and ninety"
NUM-391,"three hundred and ninety-one"
NUM-392,"three hundred and ninety-two"
NUM-393,"three hundred and ninety-three"
NUM-394,"three hundred and ninety-four"
NUM-395,"three hundred and ninety-five"
NUM-396,"three hundred and ninety-six"
NUM-397,"three hundred and ninety-seven"
NUM-398,"three hundred and ninety-eight"
NUM-399,"three hundred and ninety-nine"
NUM-400,"four hundred"
NUM-401,"four hundred and one"
NUM-402,"four hundred and two"
NUM-403,"four hundred and three"
NUM-404,"four hundred and four"
NUM-405,"four hundred and five"
NUM-406,"four hundred and six"
NUM-407,"four hundred and seven"
NUM-408,"four hundred and eight"
NUM-409,"four hundred and nine"
NUM-410,"four hundred and ten"
NUM-411,"four hundred and eleven"
NUM-412,"four hundred and twelve"
NUM-413,"four hundred and thirteen"
NUM-414,"four hundred and fourteen"
NUM-415,"four hundred and fifteen"
NUM-416,"four hundred and sixteen"
NUM-417,"four hundred and seventeen"
NUM-418,"four hundred and eighteen"
NUM-419,"four hundred and nineteen"
NUM-420,"four hundred and twenty"
NUM-421,"four hundred and twenty-one"
NUM-422,"four hundred and twenty-two"
NUM-423,"four hundred and twenty-three"
NUM-424,"four hundred and twenty-four"
NUM-425,"four hundred and twenty-five"
NUM-426,"four hundred and twenty-six"
NUM-427,"four hundred and twenty-seven"
NUM-428,"four hundred and twenty-eight"
NUM-429,"four hundred and twenty-nine"
NUM-430,"four hundred and thirty"
NUM-431,"four hundred and thirty-one"
NUM-432,"four hundred and thirty-two"
NUM-433,"four hundred and thirty-three"
NUM-434,"four hundred and thirty-four"
NUM-435,"four hundred and thirty-five"
NUM-436,"four hundred and thirty-six"
NUM-437,"four hundred and thirty-seven"
NUM-438,"four hundred and thirty-eight"
NUM-439,"four hundred and thirty-nine"
NUM-440,"four hundred and forty"
NUM-441,"four hundred and forty-one"
NUM-442,"four hundred and forty-two"
NUM-443,"four hundred and forty-three"
NUM-444,"four hundred and forty-four"
NUM-445,"four hundred and forty-five"
NUM-446,"four hundred and forty-six"
NUM-447,"four hundred and forty-seven"
NUM-448,"four hundred and forty-eight"
NUM-449,"four hundred and forty-nine"
NUM-450,"four hundred and fifty"
NUM-451,"four hundred and fifty-one"
NUM-452,"four hundred and fifty-two"
NUM-453,"four hundred and fifty-three"
NUM-454,"four hundred and fifty-four"
NUM-455,"four hundred and fifty-five"
NUM-456,"four hundred and fifty-six"
NUM-457,"four hundred and fifty-seven"
NUM-458,"four hundred and fifty-eight"
NUM-459,"four hundred and fifty-nine"
NUM-460,"four hundred and sixty"
NUM-461,"four hundred and sixty-one"
NUM-462,"four hundred and sixty-two"
NUM-463,"four hundred and sixty-three"
NUM-464,"four hundred and sixty-four"
NUM-465,"four hundred and sixty-five"
NUM-466,"four hundred and sixty-six"
NUM-467,"four hundred and sixty-seven"
NUM-468,"four hundred and sixty-eight"
NUM-469,"four hundred and sixty-nine"
NUM-470,"four hundred and seventy"
NUM-471,"four hundred and seventy-one"
NUM-472,"four hundred and seventy-two"
NUM-473,"four hundred and seventy-three"
NUM-474,"four hundred and seventy-four"
NUM-475,"four hundred and seventy-five"
NUM-476,"four hundred and seventy-six"
NUM-477,"four hundred and seventy-seven"
NUM-478,"four hundred and seventy-eight"
NUM-479,"four hundred and seventy-nine"
NUM-480,"four hundred and eighty"
NUM-481,"four hundred and eighty-one"
NUM-482,"four hundred and eighty-two"
NUM-483,"four hundred and eighty-three"
NUM-484,"four hundred and eighty-four"
NUM-485,"four hundred and eighty-five"
NUM-486,"four hundred and eighty-six"
NUM-487,"four hundred and eighty-seven"
NUM-488,"four hundred and eighty-eight"
NUM-489,"four hundred and eighty-nine"
NUM-490,"four hundred and ninety"
NUM-491,"four hundred and ninety-one"
NUM-492,"four hundred and ninety-two"
NUM-493,"four hundred and ninety-three"
NUM-494,"four hundred and ninety-four"
NUM-495,"four hundred and ninety-five"
NUM-496,"four hundred and ninety-six"
NUM-497,"four hundred and ninety-seven"
NUM-498,"four hundred and ninety-eight"
NUM-499,"four hundred and ninety-nine"
NUM-500,"five hundred"
NUM-501,"five hundred and one"
NUM-502,"five hundred and two"
NUM-503,"five hundred and three"
NUM-504,"five hundred and four"
NUM-505,"five hundred and five"
NUM-506,"five hundred and six"
NUM-507,"five hundred and seven"
NUM-508,"five hundred and eight"
NUM-509,"five hundred and nine"
NUM-510,"five hundred and ten"
NUM-511,"five hundred and eleven"
NUM-512,"five hundred and twelve"
NUM-513,"five hundred and thirteen"
NUM-514,"five hundred and fourteen"
NUM-515,"five hundred and fifteen"
NUM-516,"five hundred and sixteen"
NUM-517,"five hundred and seventeen"
NUM-518,"five hundred and eighteen"
NUM-519,"five hundred and nineteen"
NUM-520,"five hundred and twenty"
NUM-521,"five hundred and twenty-one"
NUM-522,"five hundred and twenty-two"
NUM-523,"five hundred and twenty-three"
NUM-524,"five hundred and twenty-four"
NUM-525,"five hundred and twenty-five"
NUM-526,"five hundred and twenty-six"
NUM-527,"five hundred and twenty-seven"
NUM-528,"five hundred and twenty-eight"
NUM-529,"five hundred and twenty-nine"
NUM-530,"five hundred and thirty"
NUM-531,"five hundred and thirty-one"
NUM-532,"five hundred and thirty-two"
NUM-533,"five hundred and thirty-three"
NUM-534,"five hundred and thirty-four"
NUM-535,"five hundred and thirty-five"
NUM-536,"five hundred and thirty-six"
NUM-537,"five hundred and thirty-seven"
NUM-538,"five hundred and thirty-eight"
NUM-539,"five hundred and thirty-nine"
NUM-540,"five hundred and forty"
NUM-541,"five hundred and forty-one"
NUM-542,"five hundred and forty-two"
NUM-543,"five hundred and forty-three"
NUM-544,"five hundred and forty-four"
NUM-545,"five hundred and forty-five"
NUM-546,"five hundred and forty-six"
NUM-547,"five hundred and forty-seven"
NUM-548,"five hundred and forty-eight"
NUM-549,"five hundred and forty-nine"
NUM-550,"five hundred and fifty"
NUM-551,"five hundred and fifty-one"
NUM-552,"five hundred and fifty-two"
NUM-553,"five hundred and fifty-three"
NUM-554,"five hundred and fifty-four"
NUM-555,"five hundred and fifty-five"
NUM-556,"five hundred and fifty-six"
NUM-557,"five hundred and fifty-seven"
NUM-558,"five hundred and fifty-eight"
NUM-559,"five hundred and fifty-nine"
NUM-560,"five hundred and sixty"
NUM-561,"five hundred and sixty-one"
NUM-562,"five hundred and sixty-two"
NUM-563,"five hundred and sixty-three"
NUM-564,"five hundred and sixty-four"
NUM-565,"five hundred and sixty-five"
NUM-566,"five hundred and sixty-six"
NUM-567,"five hundred and sixty-seven"
NUM-568,"five hundred and sixty-eight"
NUM-569,"five hundred and sixty-nine"
NUM-570,"five hundred and seventy"
NUM-571,"five hundred and seventy-one"
NUM-572,"five hundred and seventy-two"
NUM-573,"five hundred and seventy-three"
NUM-574,"five hundred and seventy-four"
NUM-575,"five hundred and seventy-five"
NUM-576,"five hundred and seventy-six"
NUM-577,"five hundred and seventy-seven"
NUM-578,"five hundred and seventy-eight"
NUM-579,"five hundred and seventy-nine"
NUM-580,"five hundred and eighty"
NUM-581,"five hundred and eighty-one"
NUM-582,"five hundred and eighty-two"
NUM-583,"five hundred and eighty-three"
NUM-584,"five hundred and eighty-four"
NUM-585,"five hundred and eighty-five"
NUM-586,"five hundred and eighty-six"
NUM-587,"five hundred and eighty-seven"
NUM-588,"five hundred and eighty-eight"
NUM-589,"five hundred and eighty-nine"
NUM-590,"five hundred and ninety"
NUM-591,"five hundred and ninety-one"
NUM-592,"five hundred and ninety-two"
NUM-593,"five hundred and ninety-three"
NUM-594,"five hundred and ninety-four"
NUM-595,"five hundred and ninety-five"
NUM-596,"five hundred and ninety-six"
NUM-597,"five hundred and ninety-seven"
NUM-598,"five hundred and ninety-eight"
NUM-599,"five hundred and ninety-nine"
NUM-600,"six hundred"
NUM-S1000,"one thousand"
NUM-S1500,"one thousand five hundred"
NUM-S2000,"two thousand"
NUM-S2500,"two thousand five hundred"
NUM-S3000,"three thousand"
NUM-S3500,"three thousand five hundred"
NUM-S4000,"four thousand"
NUM-S4500,"four thousand five hundred"
NUM-S5000,"five thousand"
NUM-S5500,"five thousand five hundred"
NUM-S6000,"six thousand"
NUM-S6500,"six thousand five hundred"
NUM-S7000,"seven thousand"
NUM-S7500,"seven thousand five hundred"
NUM-S8000,"eight thousand"
NUM-S8500,"eight thousand five hundred"
NUM-S9000,"nine thousand"
NUM-S9500,"nine thousand five hundred"
NUM-S10000,"ten thousand"
NUM-S10500,"ten thousand five hundred"
NUM-S11000,"eleven thousand"
NUM-S11500,"eleven thousand five hundred"
NUM-S12000,"twelve thousand"
NUM-S12500,"twelve thousand five hundred"
NUM-S13000,"thirteen thousand"
NUM-S13500,"thirteen thousand five hundred"
NUM-S14000,"fourteen thousand"
NUM-S14500,"fourteen thousand five hundred"
NUM-S15000,"fifteen thousand"
NUM-S15500,"fifteen thousand five hundred"
NUM-S16000,"sixteen thousand"
NUM-S16500,"sixteen thousand five hundred"
NUM-S17000,"seventeen thousand"
NUM-S17500,"seventeen thousand five hundred"
NUM-S18000,"eighteen thousand"
NUM-S18500,"eighteen thousand five hundred"
NUM-S19000,"nineteen thousand"
NUM-S19500,"nineteen thousand five hundred"
NUM-S20000,"twenty thousand"
